occurrence_id	organism_quantity	organism_quantity_type	organism_quantity_type_iri	organism_quantity_type_vocabulary	sex	life_stage	reproductive_condition	caste	behavior	vitality	establishment_means	degree_of_establishment	pathway	occurrence_status	occurrence_remarks	organism_id	organism_scope	organism_scope_iri	organism_scope_vocabulary	organism_name	organism_remarks
b719a3ba-ce7f-4380-9727-a38da9230ad6	1	individuals				juvenile								Present			Multicellular Organism				
c450cb21-46ef-429d-8aa8-a1cda5b70aac	1	individuals				adult								Present			Multicellular Organism				
49391f40-cafc-43de-87d9-ca21a7631151	1	individuals				juvenile								Present			Multicellular Organism				
4d01419b-d052-44c8-899f-68c150396af8	1	individuals				juvenile								Present			Multicellular Organism				
a7ff2504-e8cc-471a-acba-bf971f1d4f83	1	individuals				juvenile								Present			Multicellular Organism				
5256b27a-c751-4c55-b390-58cce3e98751	1	individuals				juvenile								Present			Multicellular Organism				
8601b4d5-0674-43eb-8042-3a47759c02bd	1	individuals				juvenile								Present			Multicellular Organism				
22cda7c6-7a20-4410-9892-6aed8a7bd182	1	individuals				juvenile								Present			Multicellular Organism				
99b9b04a-d824-4568-816f-df8665f98f39	1	individuals				juvenile								Present			Multicellular Organism				
523a6343-53df-4123-bfdb-18b5b0464fa9	1	individuals				juvenile								Present			Multicellular Organism				
6a76c175-939b-4890-abc1-5eca299c3c40	1	individuals				juvenile								Present			Multicellular Organism				
0079055e-1f65-420c-b789-edac97a42c3f	1	individuals				juvenile								Present			Multicellular Organism				
9cafe757-73b1-4285-81b9-40082b050514	1	individuals				adult								Present			Multicellular Organism				
04919cd6-c8b3-4284-81e1-35182938f8ad	1	individuals				adult								Present			Multicellular Organism				
2f67ac4e-5a55-42fe-8f45-b64e9d6f2512	1	individuals				juvenile								Present			Multicellular Organism				
2e104ff3-7099-4fb6-8ea8-b73515da0605	1	individuals				juvenile								Present			Multicellular Organism				
12799340-4617-46d7-a9a3-4683e32973b1	1	individuals				juvenile								Present			Multicellular Organism				
7a5ef2dd-64c5-4ddc-888d-158763487cd6	1	individuals				juvenile								Present			Multicellular Organism				
c3827862-720d-40cd-9ddf-303f02f63fd9	1	individuals				juvenile								Present			Multicellular Organism				
c4eb481b-197d-4b7f-8275-76d6aab9fdc1	1	individuals				adult								Present			Multicellular Organism				
088d725b-4723-4503-aa50-ac647cda26e1	1	individuals				juvenile								Present			Multicellular Organism				
1afac3c8-26dc-4b0b-b992-6c9150ffa6dc	1	individuals				juvenile								Present			Multicellular Organism				
d6aa4186-e659-4c80-91ba-4fb76878388a	1	individuals				juvenile								Present			Multicellular Organism				
76f83b0e-662d-4e9b-9f1a-1f3da2ff81dd	1	individuals				juvenile								Present			Multicellular Organism				
5f3e4242-cbb2-4afe-b3f6-ffda66aea67b	1	individuals				juvenile								Present			Multicellular Organism				
0e9c3715-106e-403e-9a37-d079ee38f8cb	1	individuals				juvenile								Present			Multicellular Organism				
abcf3ae8-b003-4756-ba02-b79eee69fc35	1	individuals				adult								Present			Multicellular Organism				
47a3a918-4a47-4fc3-81d9-941294f08a1b	1	individuals				juvenile								Present			Multicellular Organism				
b4b9e38b-be56-4954-b43e-fc8850648984	1	individuals				adult								Present			Multicellular Organism				
4f64d9ac-0fd8-4379-a2b3-4c1be7940f80	1	individuals				juvenile								Present			Multicellular Organism				
764e4406-d4fc-4179-88c6-1651d240c0ef	1	individuals				juvenile								Present			Multicellular Organism				
304e0330-aea8-4d3a-bfb1-c9d01f2a8f4a	1	individuals				adult								Present			Multicellular Organism				
b92deca2-fd2b-4c5e-96c7-7f7823b564c5	1	individuals				young of year								Present			Multicellular Organism				
155b52af-189b-4320-a6e8-69de2112a810	1	individuals				juvenile								Present			Multicellular Organism				
c5a62467-494b-4571-bd8a-3402d0c2ecfa	1	individuals				juvenile								Present			Multicellular Organism				
120f5e9f-1d0e-4fe0-8ff0-07dbeb652cfb	1	individuals				juvenile								Present			Multicellular Organism				
fdf068ab-5743-4105-8f06-24b06d11368a	1	individuals				juvenile								Present			Multicellular Organism				
3f682483-9b82-4a3d-b198-2389579485f6	1	individuals				juvenile								Present			Multicellular Organism				
917f70bb-c487-4b5d-a09a-e9c1fa910949	1	individuals				juvenile								Present			Multicellular Organism				
2b7c56b5-5dea-4b88-8797-ae692c7760e3	1	individuals				juvenile								Present			Multicellular Organism				
c802a776-d1b5-431f-bfcc-40ee6608ac08	1	individuals				adult								Present			Multicellular Organism				
ff4b4492-2e57-48d5-b941-33ada4863939	1	individuals				adult								Present			Multicellular Organism				
2aa28faa-ff62-4f54-b2b2-2cc521afeff7	1	individuals				adult								Present			Multicellular Organism				
890e8552-a038-47f7-8454-4005521d8be7	1	individuals				juvenile								Present			Multicellular Organism				
67277e43-41bd-4187-9739-dd557ed367e0	1	individuals				juvenile								Present			Multicellular Organism				
dccfab68-853e-4503-8ef0-91a33fc8373a	1	individuals				adult								Present			Multicellular Organism				
ac5945e8-2c48-41a1-a4d1-63d48737018f	1	individuals				adult								Present			Multicellular Organism				
b1d6df16-9530-4518-9e5c-83394edc5d85	1	individuals				juvenile								Present			Multicellular Organism				
e6334baf-67d9-4ddc-813b-1d90bdc056d0	1	individuals				juvenile								Present			Multicellular Organism				
6eddaad7-42dd-4fec-affb-1900a5c39724	1	individuals				juvenile								Present			Multicellular Organism				
11f512c7-5ce9-46ae-9fa0-c21b3324c0d2	1	individuals				juvenile								Present			Multicellular Organism				
2ba4b8a7-b48b-4a9c-844f-580de7a5d47a	1	individuals				adult								Present			Multicellular Organism				
aacf4e05-143d-496c-ac3c-1f1d582fe817	1	individuals				adult								Present			Multicellular Organism				
c53eac90-a840-474b-b79a-3ea8d22e915c	1	individuals				juvenile								Present			Multicellular Organism				
212d4c5c-94c7-4ee2-a79a-3996c1a98933	1	individuals				juvenile								Present			Multicellular Organism				
81ae9e4c-84ab-44d6-a2f4-0b11b3248429	1	individuals				juvenile								Present			Multicellular Organism				
f38e5199-074b-4113-88c4-fa7644e92c90	1	individuals				adult								Present			Multicellular Organism				
1f55d040-caf9-420d-8efd-8473eff2a736	1	individuals				juvenile								Present			Multicellular Organism				
241fa988-9749-4ec1-8485-33659c4b4b59	1	individuals				adult								Present			Multicellular Organism				
a7a88f6b-0925-4f9d-839e-b8f5564ed132	1	individuals				juvenile								Present			Multicellular Organism				
c2954040-4df4-4382-8fdf-31629d564b90	1	individuals				juvenile								Present			Multicellular Organism				
08adc40a-78ea-4cab-8d6b-f7a5d53e83c0	1	individuals				juvenile								Present			Multicellular Organism				
c63035ec-ccca-459a-b2db-50cb0e5d5c42	1	individuals				juvenile								Present			Multicellular Organism				
bbd3739a-9a94-4249-8963-e62bd38c5c74	1	individuals				juvenile								Present			Multicellular Organism				
501382f0-f474-427d-a8cb-b160b8edc5d4	1	individuals				juvenile								Present			Multicellular Organism				
23979ffe-ecef-4846-b9fd-e4f1db95a169	1	individuals				young of year								Present			Multicellular Organism				
893fb473-63e9-4763-ba56-64fd3f15c522	1	individuals				juvenile								Present			Multicellular Organism				
ca6fe698-1c7c-4a13-bb24-17dc7afe0ed9	1	individuals				adult								Present			Multicellular Organism				
72e97fc1-795b-4e09-bf53-acf9147dc76b	1	individuals				juvenile								Present			Multicellular Organism				
d4abba4d-d16e-49ed-84fb-a8176e5ee101	1	individuals				juvenile								Present			Multicellular Organism				
6a4a5c6a-a35f-4c56-ae3c-2beba2f967c7	1	individuals				juvenile								Present			Multicellular Organism				
833959bd-35c7-43b4-92e0-f05b45dff769	1	individuals				juvenile								Present			Multicellular Organism				
799945c6-d6bf-4012-a9b8-b76e0331a4fc	1	individuals				juvenile								Present			Multicellular Organism				
1512982e-edd2-4054-a5ed-b563a8e18955	1	individuals				juvenile								Present			Multicellular Organism				
85d5bac7-6d58-458e-beee-224e97923035	1	individuals				juvenile								Present			Multicellular Organism				
9e3ded51-e603-40fe-a545-45d46263c6d3	1	individuals				juvenile								Present			Multicellular Organism				
5075ccc0-7070-428b-a73b-3e1b405999a3	1	individuals				juvenile								Present			Multicellular Organism				
dc5e8133-a155-4b96-bfe9-b013cdda2098	1	individuals				juvenile								Present			Multicellular Organism				
2805459b-3aa2-4e27-87d7-23abd0fd2c32	1	individuals				juvenile								Present			Multicellular Organism				
1894b001-2755-4814-9c53-8544c0a16fba	1	individuals				juvenile								Present			Multicellular Organism				
d3f7159e-fb64-4b8b-bab7-d8ee5346d021	1	individuals				juvenile								Present			Multicellular Organism				
1df71af5-7893-426a-b0e6-a5a3404b7b36	1	individuals				young of year								Present			Multicellular Organism				
a2a011cf-6456-497b-8494-9999e7827b4b	1	individuals				young of year								Present			Multicellular Organism				
a969d991-b6b6-494a-af2c-7f1f50850e8c	1	individuals				young of year								Present			Multicellular Organism				
71b16929-3505-4a28-a084-f5351ca1c2ee	1	individuals				juvenile								Present			Multicellular Organism				
e946205f-edc0-4e8d-a65f-75fde65c372c	1	individuals				juvenile								Present			Multicellular Organism				
4e455e8a-7eb7-4091-9cd2-6be0912f3aa4	1	individuals				young of year								Present			Multicellular Organism				
9f69603d-c607-44da-8ffa-8bf7ef5ac8d7	1	individuals				young of year								Present			Multicellular Organism				
ecb615dd-75c8-4820-8379-81d3daecfc26	1	individuals				young of year								Present			Multicellular Organism				
aa9673ce-f816-4f69-92aa-0a9178fd9c8c	1	individuals				juvenile								Present			Multicellular Organism				
8313b8f2-b15d-4ec6-a19b-ec1fb0df0c3b	1	individuals				young of year								Present			Multicellular Organism				
92b63168-3b09-475d-8513-e0dca0a835df	1	individuals				young of year								Present			Multicellular Organism				
3b7eeec5-afa2-4874-a393-de16d50f3065	1	individuals				juvenile								Present			Multicellular Organism				
010d6651-28bb-4ec9-bf5f-9aa63477ef87	1	individuals				young of year								Present			Multicellular Organism				
43059af8-c12f-40ca-9ec8-7fa3a8af5003	1	individuals				young of year								Present			Multicellular Organism				
a25d3b3d-c040-4432-a610-8cc6bc7fec39	1	individuals				young of year								Present			Multicellular Organism				
41962ace-b591-4131-8a34-c66c37c67e1b	1	individuals				young of year								Present			Multicellular Organism				
e9a57ee8-9b55-40dc-bb62-def5c283215a	1	individuals				young of year								Present			Multicellular Organism				
c6a669ba-81ec-4eed-851e-588d6f0515af	1	individuals				juvenile								Present			Multicellular Organism				
7771a638-38a4-4a3d-8c9d-e9310a537ef8	1	individuals				adult								Present			Multicellular Organism				
5e5d5b31-b0f2-43e0-b439-b5fc01c32fcc	1	individuals				adult								Present			Multicellular Organism				
4f30ea80-cd7f-4508-9771-484c2ac19b45	1	individuals				juvenile								Present			Multicellular Organism				
f778ae58-a900-4061-ba92-d956c53d3d9f	1	individuals				juvenile								Present			Multicellular Organism				
bd39f601-a9dc-4d45-81d0-07decf295938	1	individuals				young of year								Present			Multicellular Organism				
882a2a29-2ff3-4dae-a57e-594317228273	1	individuals				juvenile								Present			Multicellular Organism				
eb428a8a-2b4d-4fff-a98f-da2bb6f1fdf8	1	individuals				juvenile								Present			Multicellular Organism				
51f3376f-4766-4d0a-ad4a-f25480467f2b	1	individuals				juvenile								Present			Multicellular Organism				
388fb6b4-5c09-4b59-8ead-cc42f0aeeaf5	1	individuals				juvenile								Present			Multicellular Organism				
468ac465-9f71-4133-9d77-90d875816ce3	1	individuals				adult								Present			Multicellular Organism				
304273ab-b150-41fb-9b31-114b0a102645	1	individuals				juvenile								Present			Multicellular Organism				
7d52850c-593b-4ba3-b2a8-a23817860654	1	individuals				juvenile								Present			Multicellular Organism				
c1f43ae6-5471-4da2-8838-c936062b1ec9	1	individuals				adult								Present			Multicellular Organism				
824b5ffc-1c55-4b42-8a44-96ff481335e9	1	individuals				juvenile								Present			Multicellular Organism				
1a1db9fe-4b27-4995-aa50-15f210580d5c	1	individuals				adult								Present			Multicellular Organism				
9066e8dd-106d-4156-aceb-f81472dadad1	1	individuals				adult								Present			Multicellular Organism				
e766496b-cc3b-4ef8-839b-462fed14897e	1	individuals				juvenile								Present			Multicellular Organism				
8c9a5e11-f155-4920-b5d5-77f5df304ea5	1	individuals				adult								Present			Multicellular Organism				
1e7e8da4-62c8-4b27-9039-846d5647d863	1	individuals				young of year								Present			Multicellular Organism				
a92ddb06-65e5-4964-9f61-444f0fb886f7	1	individuals				juvenile								Present			Multicellular Organism				
36db3fa9-96d5-4fa2-bddb-ea02e36f9be6	1	individuals				adult								Present			Multicellular Organism				
634987c5-6ade-4861-8560-bc837ff7a1bf	1	individuals				juvenile								Present			Multicellular Organism				
a805f94f-1b7f-40d4-8763-a986c205fef6	1	individuals				adult								Present			Multicellular Organism				
b37d9c32-9544-402b-ae52-b8bdd5aad023	1	individuals				juvenile								Present			Multicellular Organism				
0454aa13-93c1-41c4-9f4f-6d96420d7b25	1	individuals				juvenile								Present			Multicellular Organism				
8e2eb8d2-d1ad-466a-99ef-53fc50eba49e	1	individuals				young of year								Present			Multicellular Organism				
e7bdc979-04d3-4272-8cc3-4315429b1f62	1	individuals				adult								Present			Multicellular Organism				
ea086303-6b48-43ae-9de2-004e8337a5de	1	individuals				juvenile								Present			Multicellular Organism				
a69b5249-4edf-4110-bb9f-32ff2f7a65d7	1	individuals				juvenile								Present			Multicellular Organism				
0c0d1d7e-9dd5-4758-9ca1-a2bc35fee5f7	1	individuals				adult								Present			Multicellular Organism				
8dde8850-db64-4b47-aba4-2b671b04fd5b	1	individuals				juvenile								Present			Multicellular Organism				
2751c1b1-4048-4e2d-a54c-ca27fe2cf61f	1	individuals				young of year								Present			Multicellular Organism				
8066f413-6eb9-4b69-a356-d92662fc4133	1	individuals				juvenile								Present			Multicellular Organism				
14164697-b6fb-4720-9628-1cec474ada07	1	individuals				adult								Present			Multicellular Organism				
32bb32e5-9112-44d4-aefc-9fdec5e4e3dc	1	individuals				juvenile								Present			Multicellular Organism				
5cffa605-fc42-441b-b275-f3f5b0eb4030	1	individuals				juvenile								Present			Multicellular Organism				
890ca39f-458f-4c50-97af-8f814cae2c07	1	individuals				juvenile								Present			Multicellular Organism				
c152696c-c25f-4a69-99ab-0fc59f945dcc	1	individuals				juvenile								Present			Multicellular Organism				
004b1d79-1662-4c08-8617-f4843ebe73b6	1	individuals				juvenile								Present			Multicellular Organism				
6e2b42a5-5e4e-4ebe-9a2a-8ed2068245e5	1	individuals				adult								Present			Multicellular Organism				
fc7627f3-dd0d-48bd-a2a4-a30f4be49c08	1	individuals				juvenile								Present			Multicellular Organism				
092a8f33-33a1-4fe2-a596-fa315568e04b	1	individuals				juvenile								Present			Multicellular Organism				
55b62e8b-f86e-4297-a553-3fee2e07d555	1	individuals				juvenile								Present			Multicellular Organism				
441f7c16-4439-4d44-a61a-349acf0a0e1a	1	individuals				juvenile								Present			Multicellular Organism				
9018f921-61c1-45c7-bb7c-5b05d964d2cb	1	individuals				juvenile								Present			Multicellular Organism				
4032c3c5-f303-483b-a421-9b41cdc2b9d8	1	individuals				juvenile								Present			Multicellular Organism				
efad9dc0-2d97-486b-b3b5-d2b228addf58	1	individuals				juvenile								Present			Multicellular Organism				
b198fd5b-b4ca-4c89-8d70-8e234a4e26de	1	individuals				juvenile								Present			Multicellular Organism				
40bc7053-aafb-41dc-9057-bf0bf6b078e4	1	individuals				juvenile								Present			Multicellular Organism				
a1b4fad5-e51c-4392-a12d-4c6969268199	1	individuals				juvenile								Present			Multicellular Organism				
2c8772e3-5f1c-486d-9b18-ef07ef66bd17	1	individuals				juvenile								Present			Multicellular Organism				
a83198be-1566-4ddc-bf0c-37ac177c430a	1	individuals				juvenile								Present			Multicellular Organism				
d2a086e4-acd4-474c-b670-53a75331ac1d	1	individuals				juvenile								Present			Multicellular Organism				
219f16dc-57ce-4245-a64f-fdebb684875d	1	individuals				juvenile								Present			Multicellular Organism				
8c2bc202-e88e-44ae-9fca-6e900d5149c5	1	individuals				juvenile								Present			Multicellular Organism				
5c8a11de-5270-4e2d-b02d-656d8041e2a8	1	individuals				juvenile								Present			Multicellular Organism				
4d5128ed-5177-4f6a-9555-e17b67e23858	1	individuals				juvenile								Present			Multicellular Organism				
ee1853ce-85cc-4212-b6c5-4bffc617e949	1	individuals				juvenile								Present			Multicellular Organism				
7c59d602-412c-48ea-ba7d-5bcae4d3a4ee	1	individuals				adult								Present			Multicellular Organism				
689acc73-1622-420e-8fe2-5b54dfec8fd6	1	individuals				young of year								Present			Multicellular Organism				
2b3e3616-77c2-4852-9dd9-d70c4c3215cf	1	individuals				young of year								Present			Multicellular Organism				
273b402c-5f3b-404c-ac7a-aae02294fb2e	1	individuals				young of year								Present			Multicellular Organism				
67139fd2-a94c-4d6e-96c3-88c02f15bbea	1	individuals				adult								Present			Multicellular Organism				
0fb6f1d1-13d6-497b-918c-a75bed6f1275	1	individuals				juvenile								Present			Multicellular Organism				
cbf03e97-3b2c-413c-91ea-9de8617b4ee6	1	individuals				juvenile								Present			Multicellular Organism				
c1e21995-160f-42c7-83c3-a2d51220d2b1	1	individuals				young of year								Present			Multicellular Organism				
e8593a6f-f1cc-4f4c-a0c4-6ef93e46268b	1	individuals				young of year								Present			Multicellular Organism				
e63e777b-1019-4f2f-b2f0-a8c24d7754f2	1	individuals				juvenile								Present			Multicellular Organism				
4156caa0-a913-46c7-9949-c980d078a596	1	individuals				adult								Present			Multicellular Organism				
d05ab42e-9d93-41a7-a30d-76715d884b61	1	individuals				adult								Present			Multicellular Organism				
01236d07-b824-490a-ab3d-44ce351e237b	1	individuals				juvenile								Present			Multicellular Organism				
f4246e1b-f3db-4ac9-b34f-7689f0adfa04	1	individuals				young of year								Present			Multicellular Organism				
1822c0fe-c15f-4b48-aadf-e606eadb22f2	1	individuals				juvenile								Present			Multicellular Organism				
3da6b127-1b9e-4969-9c2d-868e03c10d2b	1	individuals				juvenile								Present			Multicellular Organism				
d75bd81f-bba3-4100-b123-c8980425e42d	1	individuals				young of year								Present			Multicellular Organism				
9ce3f657-80d9-4937-a5e9-c1e3c21e48af	1	individuals				young of year								Present			Multicellular Organism				
690fbd17-b1d4-4e0f-ad2e-a575991eaeaf	1	individuals				young of year								Present			Multicellular Organism				
c0052de7-55b4-42af-ab18-5469dbc6a25e	1	individuals				juvenile								Present			Multicellular Organism				
9f9fbebf-95e7-4e18-bb1e-6c531b39e79f	1	individuals				juvenile								Present			Multicellular Organism				
07a567c7-c6c5-4fcf-88a0-64c7fbc2dc8e	1	individuals				juvenile								Present			Multicellular Organism				
73f546d8-865a-4d48-934c-d38b70aa2b79	1	individuals				young of year								Present			Multicellular Organism				
1e6599c7-9b71-47b2-9cd0-932842cb004a	1	individuals				young of year								Present			Multicellular Organism				
50b4edc3-a365-4ac4-8ca4-1b166aaf896a	1	individuals				young of year								Present			Multicellular Organism				
4e2d2a96-d9e7-4155-8ce1-5ab015a5cc6d	1	individuals				juvenile								Present			Multicellular Organism				
b83cd405-52fb-4ba7-b955-eb2c8d29298e	1	individuals				young of year								Present			Multicellular Organism				
0b77a648-6cf7-4fa8-9ece-ee28a2b17ca6	1	individuals				young of year								Present			Multicellular Organism				
fdf426f1-40db-4253-931a-e03eaaadef54	1	individuals				adult								Present			Multicellular Organism				
8a4f7827-a9f2-4695-8791-ee613df8babe	1	individuals				juvenile								Present			Multicellular Organism				
26ba9122-1eeb-4b69-8811-3ea3ea7e308f	1	individuals				juvenile								Present			Multicellular Organism				
3d428b81-3262-4858-873e-325e4c9666c8	1	individuals				juvenile								Present			Multicellular Organism				
30ca1da2-780e-4a4c-afbf-41fae54c067a	1	individuals				juvenile								Present			Multicellular Organism				
49e38fca-40a0-466a-94aa-662a74f17918	1	individuals				juvenile								Present			Multicellular Organism				
7c9a25e6-b257-4cfd-b203-14a2f7b97176	1	individuals				juvenile								Present			Multicellular Organism				
26a7b673-c6cf-4b76-a798-8f4f12ba0c3b	1	individuals				juvenile								Present			Multicellular Organism				
6acb64cf-3d41-44f3-b17c-8fb5b6e84104	1	individuals				juvenile								Present			Multicellular Organism				
82325e40-20cd-47f3-b456-2df65276c567	1	individuals				juvenile								Present			Multicellular Organism				
b971f8d6-9799-4ef1-aa4d-b747b506d093	1	individuals				juvenile								Present			Multicellular Organism				
c12b2525-4e25-477a-a598-9df6f2173035	1	individuals				adult								Present			Multicellular Organism				
42536cad-c0a0-46f6-9e54-9429c823e722	1	individuals				young of year								Present			Multicellular Organism				
d1a00947-272d-4a07-9a3d-dac672773eb9	1	individuals				young of year								Present			Multicellular Organism				
51b4416c-d1fc-42c9-a726-9867b530199d	1	individuals				adult								Present			Multicellular Organism				
13d49c55-f761-48ab-839f-b2003a9a5483	1	individuals				adult								Present			Multicellular Organism				
fbacd0e1-7fbe-4bd6-bcb4-24a118fcc273	1	individuals				adult								Present			Multicellular Organism				
d68606f3-485a-4578-8846-8821842c8e89	1	individuals				adult								Present			Multicellular Organism				
bdbc4df9-d458-4241-bce0-cc1b1bc8b976	1	individuals				juvenile								Present			Multicellular Organism				
8ad34c21-218e-40ef-b870-603f553e90cc	1	individuals				juvenile								Present			Multicellular Organism				
f0c1ad4b-b3cc-47e0-bba6-b0f501f1b749	1	individuals				juvenile								Present			Multicellular Organism				
bc1aaf3a-fd77-4ed2-9ceb-0f0708fd19fe	1	individuals				juvenile								Present			Multicellular Organism				
780a34cd-9c19-43c1-b717-2194aeceba14	1	individuals				juvenile								Present			Multicellular Organism				
e13de894-3e59-4c04-854a-da902e7eb9ee	1	individuals				adult								Present			Multicellular Organism				
2fde4dc2-2518-4d37-a015-341da5efa07a	1	individuals				juvenile								Present			Multicellular Organism				
3b1e62a6-0c48-4c2f-8d2a-9ec2cf96dc90	1	individuals				juvenile								Present			Multicellular Organism				
3e9f1c12-b3d5-4f93-9c8d-5374d82cdaee	1	individuals				young of year								Present			Multicellular Organism				
8c1b8490-d2d3-4394-8c23-9fe6c69e390d	1	individuals				young of year								Present			Multicellular Organism				
2263b2a8-5b53-4d42-af9c-f9e40fd6e789	1	individuals				juvenile								Present			Multicellular Organism				
d1751420-83b3-458c-8b7f-aa233c2aec2b	1	individuals				young of year								Present			Multicellular Organism				
8db76369-f9a6-4e87-942b-3f9fe6c37938	1	individuals				juvenile								Present			Multicellular Organism				
89040bdc-7183-4af8-9d93-09f85486fee2	1	individuals				adult								Present			Multicellular Organism				
eb75b3a8-5dd7-4b30-9bde-39ab31007ff6	1	individuals				juvenile								Present			Multicellular Organism				
a2fb2b65-66c6-481d-8d07-c0ddc52de892	1	individuals				juvenile								Present			Multicellular Organism				
1cdcb62d-ba69-45c2-a541-f2270e54b60b	1	individuals				adult								Present			Multicellular Organism				
c52b44ef-065e-498a-ab4e-71fc9417b5b3	1	individuals				young of year								Present			Multicellular Organism				
deb2f992-9f81-40b3-a397-cbbb0652e09b	1	individuals				young of year								Present			Multicellular Organism				
c76b181d-9002-4334-90ff-55a6e8d244cc	1	individuals				juvenile								Present			Multicellular Organism				
97ef8d58-2e63-40e0-af5d-298e7bee6fec	1	individuals				young of year								Present			Multicellular Organism				
efa4ddcb-49bb-48df-9701-59db2d0630fb	1	individuals				juvenile								Present			Multicellular Organism				
4e745518-d042-4054-9afd-86439328ef5a	1	individuals				adult								Present			Multicellular Organism				
a2b6290c-c1ac-4605-ad5e-a99101552833	1	individuals				adult								Present			Multicellular Organism				
7a07bae8-5130-4742-a8c7-37f011f45bd6	1	individuals				juvenile								Present			Multicellular Organism				
b9cf56df-328f-4d25-a407-05b8cacbd190	1	individuals				juvenile								Present			Multicellular Organism				
6799b7d4-3b92-4d60-93a1-66df9519eb1e	1	individuals				adult								Present			Multicellular Organism				
00d2603e-6bc7-4853-9900-6ef30da228bb	1	individuals				juvenile								Present			Multicellular Organism				
54072854-eb6f-4376-9e8d-8613eb414d34	1	individuals				juvenile								Present			Multicellular Organism				
03603582-ae8f-4710-a2b3-7fe703d93834	1	individuals				adult								Present			Multicellular Organism				
5f6bf619-5dd0-46c4-b1c0-5486ebae7e4a	1	individuals				juvenile								Present			Multicellular Organism				
25ce7629-4321-47d9-ae51-90c2a207318e	1	individuals				juvenile								Present			Multicellular Organism				
f7790ef1-06b0-49e5-abcc-4b9654db490d	1	individuals				adult								Present			Multicellular Organism				
cb74d5b1-ff6c-40d8-b97a-09765d14bc7c	1	individuals				adult								Present			Multicellular Organism				
93f1f93a-9e74-4d36-9c65-90f71dcf3c84	1	individuals				young of year								Present			Multicellular Organism				
78ed5420-088e-45e4-8b91-e3c3217c8a32	1	individuals				young of year								Present			Multicellular Organism				
689496f4-ec4f-4a2c-876a-3bf0359d6736	1	individuals				juvenile								Present			Multicellular Organism				
0a0f1119-efb3-4d3d-897d-138c8a429fd7	1	individuals				juvenile								Present			Multicellular Organism				
566e390e-cedd-4086-9986-6a661972a767	1	individuals				adult								Present			Multicellular Organism				
b4cd83a2-28df-4f0d-99ad-9695cbac7eac	1	individuals				juvenile								Present			Multicellular Organism				
89afbd39-01d7-4792-9ae9-b99d9fac38b7	1	individuals				young of year								Present			Multicellular Organism				
a042ef94-1bf3-4613-aade-fbe0956a7b2d	1	individuals				juvenile								Present			Multicellular Organism				
6c3855bc-e941-46df-8503-e200f3662bea	1	individuals				juvenile								Present			Multicellular Organism				
ff36ecb7-359e-4400-afdc-3c4b1937cdd7	1	individuals				juvenile								Present			Multicellular Organism				
1cc67a7d-994b-4114-9d3d-120fafb569fb	1	individuals				adult								Present			Multicellular Organism				
2e3d023f-2a45-40c4-8403-2479a7a4c811	1	individuals				young of year								Present			Multicellular Organism				
c39da64e-a6ac-432b-84ac-bc3577c395bc	1	individuals				juvenile								Present			Multicellular Organism				
e90396df-f073-4eb9-bbb4-b81583202233	1	individuals				juvenile								Present			Multicellular Organism				
7d85e1a6-58f1-45e0-8a12-17092d96f576	1	individuals				juvenile								Present			Multicellular Organism				
73f70b03-8f5b-4cf3-bd70-e0abe7e7a89d	1	individuals				juvenile								Present			Multicellular Organism				
8b4704c0-b32b-4f53-9b8f-5ad884f3f561	1	individuals				adult								Present			Multicellular Organism				
b45eea2d-dc09-46af-b058-606eb6632dc4	1	individuals				young of year								Present			Multicellular Organism				
1d91fca7-2ea0-4cd2-8059-8a4546604bf0	1	individuals				adult								Present			Multicellular Organism				
0b438113-51b2-455f-8692-2bc7beaae39b	1	individuals				juvenile								Present			Multicellular Organism				
e775557b-b1c1-4567-950c-2d058bd89923	1	individuals				adult								Present			Multicellular Organism				
424c9731-ae0b-4ce0-973d-d539faffcc25	1	individuals				adult								Present			Multicellular Organism				
b98d7cde-22fe-42bf-8735-5936cb5a8f02	1	individuals				juvenile								Present			Multicellular Organism				
c1fb1d20-dc9a-4d7c-b372-01f2ea49b32a	1	individuals				juvenile								Present			Multicellular Organism				
ea29c7bd-d8d0-4af4-b853-3b354567c171	1	individuals				adult								Present			Multicellular Organism				
2cbfda83-fb1c-497d-a8da-001b932616ec	1	individuals				juvenile								Present			Multicellular Organism				
ff8f29cf-7016-4d9a-8564-da6f53aa4b86	1	individuals				young of year								Present			Multicellular Organism				
1a32f1ae-528e-4b63-800e-5d8892f0400a	1	individuals				juvenile								Present			Multicellular Organism				
a406db3d-1039-4d14-a251-d2cce9cdcb15	1	individuals				young of year								Present			Multicellular Organism				
660d071f-22b8-4c2e-a5fd-6dd7326c2f77	1	individuals				juvenile								Present			Multicellular Organism				
507297ba-f58b-41a3-80cc-b5b264e35c4e	1	individuals				young of year								Present			Multicellular Organism				
f1c3cc87-b157-43d7-9e29-2e01e4b89ef5	1	individuals				juvenile								Present			Multicellular Organism				
677e7a56-4c2b-4e13-81d9-8f6d75df8fbd	1	individuals				young of year								Present			Multicellular Organism				
ee33e4ef-bbe0-4c06-a738-da9e2bfa94d0	1	individuals				juvenile								Present			Multicellular Organism				
2a725d86-a7d7-40a6-a927-905e0c604437	1	individuals				juvenile								Present			Multicellular Organism				
78cce41a-29d2-4eda-a949-bebb852dc1e3	1	individuals				young of year								Present			Multicellular Organism				
0f3fb4f0-45a6-41d6-9d8f-b711bc9f11f3	1	individuals				young of year								Present			Multicellular Organism				
6c4c2ea6-3647-4134-9a45-7976fb0ee053	1	individuals				juvenile								Present			Multicellular Organism				
72f4bca7-1f44-4749-a56e-86fc9877758b	1	individuals				juvenile								Present			Multicellular Organism				
7c3bddf7-6bb8-4105-abe8-7f308c468440	1	individuals				juvenile								Present			Multicellular Organism				
41008eaf-4a52-4ea2-bf8d-aac55b4ec26f	1	individuals				young of year								Present			Multicellular Organism				
479d5dd4-9888-417a-8e5b-077de899e5b0	1	individuals				juvenile								Present			Multicellular Organism				
366e12ef-b2af-461d-bd1e-669f88d001f7	1	individuals				adult								Present			Multicellular Organism				
6f284bf9-3c4d-4b8f-901f-3bcc1113e508	1	individuals				juvenile								Present			Multicellular Organism				
63005517-8768-4147-b57d-606a3ed64bb6	1	individuals				juvenile								Present			Multicellular Organism				
38f835d5-d7c6-464d-a610-231b5549aaf1	1	individuals				juvenile								Present			Multicellular Organism				
44efd5d9-26b4-47e6-ae46-e3eb56f73e70	1	individuals				adult								Present			Multicellular Organism				
492463db-b554-4f95-ae31-f115fcfc0d4a	1	individuals				young of year								Present			Multicellular Organism				
6366d665-00f5-4830-a929-8df28c631f70	1	individuals				young of year								Present			Multicellular Organism				
cf55d4e9-37f5-47ab-9736-2f4694fc369b	1	individuals				adult								Present			Multicellular Organism				
806ab857-c73d-4f7c-b4c5-6b1c4226f5f6	1	individuals				adult								Present			Multicellular Organism				
edc98c14-0bd9-451a-a624-fb36f4762739	1	individuals				young of year								Present			Multicellular Organism				
f0d771a6-97d4-43ec-ad87-fe36fa6ec086	1	individuals				juvenile								Present			Multicellular Organism				
95f99a09-e8fa-415d-860c-7a6e195490db	1	individuals				juvenile								Present			Multicellular Organism				
7490928f-1b4a-4957-86ce-40f2f35b073f	1	individuals				juvenile								Present			Multicellular Organism				
78d42648-79c9-4f37-a413-e22db600c31d	1	individuals				adult								Present			Multicellular Organism				
150822b3-171b-4b16-a17e-4bd2cf18858c	1	individuals				juvenile								Present			Multicellular Organism				
e209c6d9-f6ba-49fc-855e-cb1a3795f2f6	1	individuals				adult								Present			Multicellular Organism				
4a89f48f-8e44-4405-ac66-0024b228fd15	1	individuals				young of year								Present			Multicellular Organism				
25f8d9fe-3421-4fcc-8d3b-83eb524764c7	1	individuals				juvenile								Present			Multicellular Organism				
e94da231-497f-4829-a900-e939319e8521	1	individuals				young of year								Present			Multicellular Organism				
5c0cdc13-d0b9-43aa-b6d9-571b93bf69bf	1	individuals				adult								Present			Multicellular Organism				
3fc4dd89-8f84-44b0-b548-d2748c37dea8	1	individuals				adult								Present			Multicellular Organism				
a0c2b225-25c9-4fa0-ac65-48324ebc3354	1	individuals				juvenile								Present			Multicellular Organism				
1d891c3d-86bc-41ad-b8df-39c76162f6dc	1	individuals				adult								Present			Multicellular Organism				
de7e6881-973f-4a4f-90f5-7c59f377f097	1	individuals				juvenile								Present			Multicellular Organism				
edbc5f04-8edc-4950-9423-d60c73d373ef	1	individuals				juvenile								Present			Multicellular Organism				
9d25e514-fa7c-431e-a4cf-f617adce3e07	1	individuals				juvenile								Present			Multicellular Organism				
37c842f1-15d7-4405-8e9c-3463aeabc491	1	individuals				adult								Present			Multicellular Organism				
2763089a-f326-4724-8ea3-c11ad82f1e0f	1	individuals				young of year								Present			Multicellular Organism				
b2a81961-89c8-4395-b2d2-5f8ccb171b78	1	individuals				young of year								Present			Multicellular Organism				
7ebe0757-110c-49f3-855e-94112d5a38e0	1	individuals				juvenile								Present			Multicellular Organism				
5d697fc6-8acc-42ab-aaab-e09d002c5348	1	individuals				juvenile								Present			Multicellular Organism				
3d5580be-f95e-46da-8287-c133e977a4e3	1	individuals				adult								Present			Multicellular Organism				
84962f21-68d2-4cec-b365-b290d9eed172	1	individuals				young of year								Present			Multicellular Organism				
eebcb628-f587-4378-9093-65a151816c87	1	individuals				adult								Present			Multicellular Organism				
e6063658-1c88-4738-87a1-3823a92901f0	1	individuals				juvenile								Present			Multicellular Organism				
46c5b4a9-5029-4e2d-a59e-fe2a4cbb68d1	1	individuals				juvenile								Present			Multicellular Organism				
e23f210d-c957-4d98-9c01-7ecc0fd0a072	1	individuals				juvenile								Present			Multicellular Organism				
938c75a3-a0cf-42c4-bf2e-cc3e7ef93c79	1	individuals				juvenile								Present			Multicellular Organism				
4c257c9e-6f2c-45aa-a4fe-97e9f37ceaac	1	individuals				juvenile								Present			Multicellular Organism				
fee345ec-84d5-4e7a-8021-797efa0336a2	1	individuals				adult								Present			Multicellular Organism				
9d4186ad-c8bf-4976-88f5-7e0cccd12a22	1	individuals				juvenile								Present			Multicellular Organism				
0053f79d-f1bf-4732-a236-1d7d795a30ac	1	individuals				juvenile								Present			Multicellular Organism				
202c87d9-9357-4890-a305-270b66ca4219	1	individuals				juvenile								Present			Multicellular Organism				
fb801f07-c442-4bb6-92ee-f769edc72d45	1	individuals				juvenile								Present			Multicellular Organism				
92394657-9366-4fa8-bfc0-b2bfc90a4e63	1	individuals				juvenile								Present			Multicellular Organism				
248ce982-1a3f-4770-86ae-9c2393af02c5	1	individuals				young of year								Present			Multicellular Organism				
11ce178c-711a-452c-a212-48f92d5daf83	1	individuals				adult								Present			Multicellular Organism				
55c90f13-e750-47cd-88e6-218a39d038d8	1	individuals				young of year								Present			Multicellular Organism				
9e2b381b-e5ec-4c29-abf5-afa778d52b45	1	individuals				young of year								Present			Multicellular Organism				
b0f5347b-789a-4a0c-90c1-512df5dce128	1	individuals				juvenile								Present			Multicellular Organism				
976f0635-ac22-4fb8-9c5b-e05a5f6d9fae	1	individuals				juvenile								Present			Multicellular Organism				
5f295c8e-5e67-4415-85fa-a6d0a8ad388d	1	individuals				young of year								Present			Multicellular Organism				
37704ba1-10dc-4864-a277-1602a2db8062	1	individuals				young of year								Present			Multicellular Organism				
9dfb1017-c260-47e8-b5f6-2a24a7e9c49a	1	individuals				juvenile								Present			Multicellular Organism				
f1d3fc1c-218d-4f35-b24b-ed267cae5848	1	individuals				young of year								Present			Multicellular Organism				
005ccdeb-cb22-4256-ab6c-377c4a5f3286	1	individuals				young of year								Present			Multicellular Organism				
fb8eeda7-f2ea-475b-b3ca-1955891777b2	1	individuals				juvenile								Present			Multicellular Organism				
65040d34-0c8b-4b30-a402-cf52190ae9fe	1	individuals				juvenile								Present			Multicellular Organism				
aa62b9f4-b88d-46b7-9cd6-52599256e478	1	individuals				adult								Present			Multicellular Organism				
b63ca245-e8cb-4af7-96e2-a64eb7aeb1ec	1	individuals				young of year								Present			Multicellular Organism				
9fb04e5a-7a95-4197-a7a4-ce828bf36d90	1	individuals				juvenile								Present			Multicellular Organism				
067b44c6-bae0-4b8f-b116-38615a2839e7	1	individuals				juvenile								Present			Multicellular Organism				
b0ea0447-21e7-497a-8242-963d326f6523	1	individuals				adult								Present			Multicellular Organism				
b93082a8-9f73-48a8-9862-3b25b8b6f58e	1	individuals				adult								Present			Multicellular Organism				
1fb61b4e-562b-4401-8fe3-ddd207b6ef44	1	individuals				juvenile								Present			Multicellular Organism				
9e1df244-ba30-4d17-8f99-50975b83d3d5	1	individuals				adult								Present			Multicellular Organism				
7848f4fa-0516-4bfe-9eb5-a208172678df	1	individuals				young of year								Present			Multicellular Organism				
9ec08e08-1b64-46a8-9e8a-30302a52e686	1	individuals				juvenile								Present			Multicellular Organism				
85c3dde8-0a18-4186-8d53-5bf255dfa7d6	1	individuals				juvenile								Present			Multicellular Organism				
960c0889-0264-4974-832e-025886bd01e0	1	individuals				juvenile								Present			Multicellular Organism				
a0f8893b-d52c-4106-8969-4f81d8e83519	1	individuals				juvenile								Present			Multicellular Organism				
a213b180-8ce6-44cc-8049-a9f0673a8f43	1	individuals				juvenile								Present			Multicellular Organism				
6197b799-b878-4c57-845e-94165bc75634	1	individuals				juvenile								Present			Multicellular Organism				
d5617e04-3c9f-4855-a896-88adbb099b90	1	individuals				juvenile								Present			Multicellular Organism				
8e09bfe3-5d90-4600-a05c-e3f9615f9cbf	1	individuals				juvenile								Present			Multicellular Organism				
e82dcc26-2781-4ce6-b3d7-64e1db9dd225	1	individuals				adult								Present			Multicellular Organism				
8bd031a8-9c8c-492b-b4c8-9c49ebb70f6a	1	individuals				juvenile								Present			Multicellular Organism				
951b1b53-2aa9-4594-8983-94e484f64bda	1	individuals				adult								Present			Multicellular Organism				
9a3ec8c9-da26-46d8-89ae-f0af01c39fa7	1	individuals				juvenile								Present			Multicellular Organism				
f361c2df-6542-4d92-ac53-485d59ad888c	1	individuals				juvenile								Present			Multicellular Organism				
ffff47ee-26c4-458c-ba0b-4c53778d7389	1	individuals				adult								Present			Multicellular Organism				
28799933-d035-4344-8497-4366ef3eab6d	1	individuals				young of year								Present			Multicellular Organism				
573c5e95-f3ca-4e7c-87b0-31c9fe84f7bd	1	individuals				juvenile								Present			Multicellular Organism				
5d8d3312-8131-4baa-ac07-3fd9e5ce31c3	1	individuals				young of year								Present			Multicellular Organism				
b98bb051-1271-4520-98fb-2a7d7890a257	1	individuals				juvenile								Present			Multicellular Organism				
938c4587-697f-4c45-a3c2-6920885a1163	1	individuals				adult								Present			Multicellular Organism				
7fb80996-dd63-4a7d-9ca6-8a0417d9cff8	1	individuals				juvenile								Present			Multicellular Organism				
3373bb6a-e27b-488f-af3a-61f4e583df2a	1	individuals				adult								Present			Multicellular Organism				
5e8a5f54-fc51-42c3-a0dd-2a10d8c3e801	1	individuals				adult								Present			Multicellular Organism				
c7729078-1171-4d67-98c3-2f8ed49cdc3c	1	individuals				adult								Present			Multicellular Organism				
217b6936-a9ab-4237-b81f-6d0771cd3934	1	individuals				adult								Present			Multicellular Organism				
99b7549f-f211-4689-a46d-87b4e7c12c2b	1	individuals				adult								Present			Multicellular Organism				
21fa2078-2247-4a75-b454-9d2596aab2a6	1	individuals				juvenile								Present			Multicellular Organism				
bf416321-5961-4f2c-8d20-cb99bf0872e9	1	individuals				adult								Present			Multicellular Organism				
3a1d70d3-dd6d-47ad-ab78-b7d449335630	1	individuals				adult								Present			Multicellular Organism				
c4f811c7-69a8-41dc-ad03-ab8e59c0facc	1	individuals				adult								Present			Multicellular Organism				
f99e822c-c2c1-46dc-856b-92281c2ab948	1	individuals				adult								Present			Multicellular Organism				
dd213de9-8849-437a-ac73-9b9faea4d4dd	1	individuals				juvenile								Present			Multicellular Organism				
897daa74-5708-4afe-9d6a-9df8c911d4b5	1	individuals				juvenile								Present			Multicellular Organism				
e52d0a16-c3b6-4f83-a7df-39d916455be3	1	individuals				juvenile								Present			Multicellular Organism				
485ecec8-bec3-4fa4-90d7-837ec460de3c	1	individuals				juvenile								Present			Multicellular Organism				
0528554b-9eb3-4e64-b08d-272285c857b5	1	individuals				adult								Present			Multicellular Organism				
f861ae28-e1a5-473b-ba7b-88740dc62a1d	1	individuals				adult								Present			Multicellular Organism				
d81aa5c4-798e-452b-84c7-58f89c39ab3d	1	individuals				adult								Present			Multicellular Organism				
4a75ef5c-6da3-4de0-8a3e-514b401d81ab	1	individuals				juvenile								Present			Multicellular Organism				
8b2c4195-dfb7-4f21-96de-e56fc10d2e94	1	individuals				adult								Present			Multicellular Organism				
2c196179-b231-4207-bd2f-d228d2402073	1	individuals				adult								Present			Multicellular Organism				
5fb49ce0-5ca6-4751-a7c7-0734c44487e1	1	individuals				juvenile								Present			Multicellular Organism				
c24d32f8-a198-4059-8315-f237f31ad1c7	1	individuals				adult								Present			Multicellular Organism				
9c72ada0-0e23-46a1-9f5f-1daf8d179440	1	individuals				juvenile								Present			Multicellular Organism				
18bd6024-5853-45c2-9c5d-a40679a7996e	1	individuals				juvenile								Present			Multicellular Organism				
5b14010b-7097-483c-9f69-cc0efc0c6eb9	1	individuals				juvenile								Present			Multicellular Organism				
360725fe-7822-4cfd-bb34-1a82049496fb	1	individuals				young of year								Present			Multicellular Organism				
6ec955b3-696b-49d5-ae21-f93c4e8855c2	1	individuals				adult								Present			Multicellular Organism				
3930922d-6a72-4206-819f-444dc2d36be9	1	individuals				juvenile								Present			Multicellular Organism				
b2f88573-a992-4815-b099-c307f8f1754d	1	individuals				adult								Present			Multicellular Organism				
49528ac8-4b14-401c-9d60-db92bd59edf6	1	individuals				adult								Present			Multicellular Organism				
cf2e00a3-0e50-41a6-b5c1-dd0fd6507a27	1	individuals				young of year								Present			Multicellular Organism				
371f61d3-41f9-4e5a-af09-0c28d69e1228	1	individuals				juvenile								Present			Multicellular Organism				
f79b44da-5207-4f56-a359-bb2117a18d05	1	individuals				juvenile								Present			Multicellular Organism				
5337636f-7c96-40fe-b857-9a4e5ac8c681	1	individuals				young of year								Present			Multicellular Organism				
2c351db3-2408-4ee8-a1f8-b7b1489a63f8	1	individuals				young of year								Present			Multicellular Organism				
d3bf8242-6817-4b6c-a660-7b82a4e1c62b	1	individuals				adult								Present			Multicellular Organism				
7551dfbb-9e77-4576-a5ef-9030fdf1ee66	1	individuals				juvenile								Present			Multicellular Organism				
c41275e8-c9ea-4656-893e-f66f2decb3ef	1	individuals				young of year								Present			Multicellular Organism				
437a030f-50f6-47f9-832e-dbcbefe2dbe6	1	individuals				young of year								Present			Multicellular Organism				
fb3198f3-8be1-4f70-b844-10551abea209	1	individuals				young of year								Present			Multicellular Organism				
c307c0c2-301d-4b9c-b82a-5297b81d4972	1	individuals				young of year								Present			Multicellular Organism				
e1189dae-6955-4ca2-8e64-5d267177c947	1	individuals				juvenile								Present			Multicellular Organism				
98e43a8e-dcac-4eee-8e38-e5f2feec0a12	1	individuals				juvenile								Present			Multicellular Organism				
c42c0c7d-f3e7-4955-ba74-4caaa482a95c	1	individuals				adult								Present			Multicellular Organism				
441db6de-a6d1-4da1-879a-131f7827724b	1	individuals				young of year								Present			Multicellular Organism				
3dd0a076-65d1-4f50-96e2-7d1c2d5d00d2	1	individuals				juvenile								Present			Multicellular Organism				
eba9a2ce-b0e8-417c-8667-e712ca3a7a85	1	individuals				juvenile								Present			Multicellular Organism				
09c9bf93-9010-4284-b074-0de82e5ce506	1	individuals				juvenile								Present			Multicellular Organism				
34d756ea-dc98-48e3-ad44-bd7b22f3686f	1	individuals				young of year								Present			Multicellular Organism				
3074c935-ba05-44c8-9248-d14b949f1182	1	individuals				young of year								Present			Multicellular Organism				
ea98dab7-3b1d-4904-b885-443b15040487	1	individuals				juvenile								Present			Multicellular Organism				
ddb20551-0dcc-4937-9851-4a906ae922b8	1	individuals				young of year								Present			Multicellular Organism				
318add36-e205-417f-887f-c6b9743f8337	1	individuals				young of year								Present			Multicellular Organism				
da25573a-534a-40b3-88e7-b455280cac51	1	individuals				young of year								Present			Multicellular Organism				
cd6411b7-ec88-42cf-93ad-9449c0e8b99c	1	individuals				young of year								Present			Multicellular Organism				
3a95a150-f82c-4c8f-b0a1-02916d40a1ce	1	individuals				adult								Present			Multicellular Organism				
135d3e96-518a-47a5-bfd7-4c017f897796	1	individuals				young of year								Present			Multicellular Organism				
647ec9bb-63ae-4774-8850-e378a7e67de8	1	individuals				young of year								Present			Multicellular Organism				
2d2d4f98-d6c3-47de-bbfd-7a8a42e9e054	1	individuals				juvenile								Present			Multicellular Organism				
bad7eda1-c638-4786-9e9b-8b71672c1430	1	individuals				young of year								Present			Multicellular Organism				
5b33a6ca-37c4-4dcd-9a7c-bdb97d1b5111	1	individuals				young of year								Present			Multicellular Organism				
6dfedd09-5882-45b9-9e75-05efa5c6237d	1	individuals				young of year								Present			Multicellular Organism				
8ff26412-f662-46b9-b318-e0f4dd999132	1	individuals				young of year								Present			Multicellular Organism				
0638c380-9ce9-4e72-9471-0a3548b13bbf	1	individuals				juvenile								Present			Multicellular Organism				
acea2cdb-75f4-4365-bc57-6fa9dde80fbf	1	individuals				adult								Present			Multicellular Organism				
c82962a8-f7a7-4a59-9d6b-7b5bae6d0d15	1	individuals				young of year								Present			Multicellular Organism				
bfef8b7b-8d02-42cc-b536-60dca4e83802	1	individuals				juvenile								Present			Multicellular Organism				
0daa9690-00ac-499e-bf41-f180e9d36639	1	individuals				juvenile								Present			Multicellular Organism				
1ba306d3-ad0d-4c94-b3fc-f1aae910ab95	1	individuals				juvenile								Present			Multicellular Organism				
b14e0c0e-4056-4d38-96ef-4a6361c00bad	1	individuals				juvenile								Present			Multicellular Organism				
ce67eec7-3084-4bae-873b-1e73fa1fddfb	1	individuals				juvenile								Present			Multicellular Organism				
fe1f428f-9b2f-4fc5-9fd5-f8c0b0ce0ddc	1	individuals				juvenile								Present			Multicellular Organism				
8115b67c-5600-4808-817b-2f966a70c43f	1	individuals				juvenile								Present			Multicellular Organism				
6038c66f-dd64-4522-933e-3e1da7b75c2d	1	individuals				juvenile								Present			Multicellular Organism				
d33d4fa8-9be6-4a6c-9bbf-10db6b2f6d23	1	individuals				juvenile								Present			Multicellular Organism				
43625d54-fc01-4a54-86ce-f6029e3dd007	1	individuals				juvenile								Present			Multicellular Organism				
9b8aa7b3-fe5d-46d8-a525-ea5a40bc32ba	1	individuals				young of year								Present			Multicellular Organism				
0e22b365-0d6f-49ae-bf48-0223194de1e6	1	individuals				adult								Present			Multicellular Organism				
c211b1b3-625e-46a4-88a0-800dfd194e83	1	individuals				juvenile								Present			Multicellular Organism				
fe3117ad-0084-4570-8593-228bda7636d9	1	individuals				adult								Present			Multicellular Organism				
bb66380c-4104-4410-909e-cbfb187365e9	1	individuals				juvenile								Present			Multicellular Organism				
2863162a-b184-4d14-9e55-8a21d3599296	1	individuals				adult								Present			Multicellular Organism				
e6d2eb28-1695-4c4f-839d-252e63c7b19c	1	individuals				juvenile								Present			Multicellular Organism				
b04c53cb-00ad-4b25-9f9c-f49f004e0c73	1	individuals				young of year								Present			Multicellular Organism				
867761d2-e042-4375-b6e3-a161dc8c9b29	1	individuals				adult								Present			Multicellular Organism				
23b57c90-b2c2-47cc-83f6-eb01573d7c41	1	individuals				juvenile								Present			Multicellular Organism				
d1cbe1cc-a3e5-4f15-bdcf-9b767453149e	1	individuals				juvenile								Present			Multicellular Organism				
6c797c04-9ec5-4e35-977c-7c1b3c138d80	1	individuals				young of year								Present			Multicellular Organism				
3c3aab64-9481-4645-9ec0-02be99789a78	1	individuals				juvenile								Present			Multicellular Organism				
83c0259a-76b4-4141-afa4-6b0f58142e9e	1	individuals				young of year								Present			Multicellular Organism				
a1125fcf-524a-4255-baf5-6a816fc8a8ea	1	individuals				adult								Present			Multicellular Organism				
ae22f3c8-eb0e-4212-8515-726d59a0eb9d	1	individuals				adult								Present			Multicellular Organism				
6f4ecf36-bb4b-41bf-908a-f63a420ef99e	1	individuals				juvenile								Present			Multicellular Organism				
0c4127ce-225e-4824-aded-ed0c4ea65889	1	individuals				juvenile								Present			Multicellular Organism				
ff6368e0-afe0-4afc-a5f9-fda13b0c5105	1	individuals				adult								Present			Multicellular Organism				
4d4bcbb7-4a32-4fe0-b27f-bb24c53e224e	1	individuals				young of year								Present			Multicellular Organism				
b282db5a-29b0-49f2-87c9-a37724f0f3a3	1	individuals				juvenile								Present			Multicellular Organism				
33a38301-f1f2-4a06-a72b-1cca7d525395	1	individuals				adult								Present			Multicellular Organism				
fa3ef805-77bf-48be-90fd-7d8d49b0cfc3	1	individuals				juvenile								Present			Multicellular Organism				
dcfda8f8-9877-4933-b186-5d1aef14b601	1	individuals				adult								Present			Multicellular Organism				
570a8947-e173-4b00-aef8-052d3b8d9839	1	individuals				juvenile								Present			Multicellular Organism				
0e072cd6-ca46-4192-8720-250730d118b9	1	individuals				juvenile								Present			Multicellular Organism				
02c14d66-70d7-4a68-919c-597714490f7f	1	individuals				adult								Present			Multicellular Organism				
954cc5dc-8df7-4023-82c9-608392dff354	1	individuals				juvenile								Present			Multicellular Organism				
cba07040-a514-4b0e-b000-8f09278fd182	1	individuals				juvenile								Present			Multicellular Organism				
b4e92f03-d28d-4441-93a7-e8535a15e95b	1	individuals				juvenile								Present			Multicellular Organism				
093f94b2-1602-4ad9-9b82-5c9782ef2bf4	1	individuals				juvenile								Present			Multicellular Organism				
b6d35281-f140-4506-9633-914c58d0470d	1	individuals				juvenile								Present			Multicellular Organism				
4cef6ed5-81bb-418e-9f25-6b7f5f30ec00	1	individuals				juvenile								Present			Multicellular Organism				
3cf4b5d5-62db-4d92-9c94-a0edecccda05	1	individuals				juvenile								Present			Multicellular Organism				
3687e9be-17cc-4255-979d-b1a3c2871d95	1	individuals				adult								Present			Multicellular Organism				
2c9a9dac-03c1-438f-9c79-f4484c04465e	1	individuals				young of year								Present			Multicellular Organism				
fbc29d30-3cc6-4fea-bb88-79eb4dbc6c10	1	individuals				juvenile								Present			Multicellular Organism				
62f76887-6388-438e-b36a-3db006eef1c2	1	individuals				adult								Present			Multicellular Organism				
24dd695d-db9d-4024-9c08-c9261c00e9e8	1	individuals				adult								Present			Multicellular Organism				
ee2c45b1-9fe7-4bc1-a42b-d76963389670	1	individuals				young of year								Present			Multicellular Organism				
88b91546-4635-4a43-beb0-780c27585e1c	1	individuals				juvenile								Present			Multicellular Organism				
93195f83-667d-4357-96a4-c3879cb417d0	1	individuals				juvenile								Present			Multicellular Organism				
5b4d6fb9-451d-4e7a-bc1e-50871cf41db9	1	individuals				young of year								Present			Multicellular Organism				
cf5de680-6bac-49ea-999d-a5b028a6b154	1	individuals				juvenile								Present			Multicellular Organism				
cc58142f-ffb2-4694-a994-ba3b1b7436b5	1	individuals				young of year								Present			Multicellular Organism				
cb75d1ba-f02a-4aa3-b8b9-78ae15a7f3af	1	individuals				young of year								Present			Multicellular Organism				
72b56618-199d-4b31-9d87-23a7765af40a	1	individuals				juvenile								Present			Multicellular Organism				
23ce3fd1-c2d6-4671-b16e-789e965ac0c0	1	individuals				juvenile								Present			Multicellular Organism				
11d3a1c2-4b73-43bd-a7e3-b7ce5bf9a493	1	individuals				juvenile								Present			Multicellular Organism				
89e80a65-532b-4591-8aef-223ce85b6336	1	individuals				adult								Present			Multicellular Organism				
580b593b-75bb-4bc2-a46d-c2be4b6280fb	1	individuals				young of year								Present			Multicellular Organism				
7052b8c4-30c6-4dc7-bd9d-32d6491026ae	1	individuals				juvenile								Present			Multicellular Organism				
9fb4ad1a-4001-4a42-8800-c5d059491549	1	individuals				juvenile								Present			Multicellular Organism				
fec3eb4d-6cc5-46de-ae8f-0758bafe890e	1	individuals				young of year								Present			Multicellular Organism				
b578f839-3763-4743-9950-d6b6b2210ef6	1	individuals				juvenile								Present			Multicellular Organism				
d2a0df38-ade5-413c-98ed-678484b2e92b	1	individuals				juvenile								Present			Multicellular Organism				
e1bff0fd-753e-420b-bbdd-3c1df92d1778	1	individuals				young of year								Present			Multicellular Organism				
5f99647a-7a86-4b56-8b13-5b17b095906e	1	individuals				young of year								Present			Multicellular Organism				
de878544-cc85-4a9d-99e7-803f87d55af2	1	individuals				young of year								Present			Multicellular Organism				
76543e43-c372-43f5-9b05-47b1827c225a	1	individuals				juvenile								Present			Multicellular Organism				
30391866-9c10-4d18-925f-3ee1be547eff	1	individuals				young of year								Present			Multicellular Organism				
f22e729a-e7f4-41c1-93e5-808b04f923db	1	individuals				adult								Present			Multicellular Organism				
52c9bc94-775d-4e13-b6c8-81addecf6fad	1	individuals				young of year								Present			Multicellular Organism				
a037ca2b-9b68-4a66-b256-dfa5c5b9b6cc	1	individuals				juvenile								Present			Multicellular Organism				
0ef90992-885f-47d0-b87e-d474771d47f7	1	individuals				young of year								Present			Multicellular Organism				
b45a2445-3f62-4b15-a383-853589c97de0	1	individuals				juvenile								Present			Multicellular Organism				
b8f59799-cd03-4ef7-b5a8-015eeea1650a	1	individuals				young of year								Present			Multicellular Organism				
929cd9ad-11f1-457e-aee8-904dc71f93c1	1	individuals				adult								Present			Multicellular Organism				
09b85f98-bc96-429b-98ed-8710ca4de430	1	individuals				young of year								Present			Multicellular Organism				
83579f1a-105b-492b-ab48-ddf5b74035aa	1	individuals				young of year								Present			Multicellular Organism				
4fbd89ac-e897-4961-9f2a-21a0ba53de76	1	individuals				young of year								Present			Multicellular Organism				
362fbcbf-3dba-46e9-9b9d-6b94f8cdc379	1	individuals				young of year								Present			Multicellular Organism				
76993541-8e01-4fa1-affe-b82e6200bb26	1	individuals				young of year								Present			Multicellular Organism				
c5451c4b-1e95-497b-9363-f19a22bd0594	1	individuals				adult								Present			Multicellular Organism				
88afc63b-1926-4226-9434-6998eed35f5a	1	individuals				adult								Present			Multicellular Organism				
454882a8-c920-4539-b206-daf1600d0984	1	individuals				juvenile								Present			Multicellular Organism				
ef3f20b7-d29e-4ff8-af30-354b762463e2	1	individuals				adult								Present			Multicellular Organism				
615e5307-2cd5-494b-9586-c0d510e771f5	1	individuals				adult								Present			Multicellular Organism				
d708fdbe-efe5-4675-afa0-f07f5abb9efd	1	individuals				juvenile								Present			Multicellular Organism				
0d16b24a-8d29-4bc7-a871-6c0228590552	1	individuals				adult								Present			Multicellular Organism				
f2c803e8-82b2-4f28-a08b-0b8f5c7a8180	1	individuals				young of year								Present			Multicellular Organism				
a8593ecc-27ea-4056-b29d-cf9486a7d4e0	1	individuals				adult								Present			Multicellular Organism				
0b7e19f1-d50e-4eda-8776-3688d799dece	1	individuals				adult								Present			Multicellular Organism				
7c8903c1-121d-4007-b4bc-9e4533b2407b	1	individuals				adult								Present			Multicellular Organism				
e9c94699-dee4-4a54-b5d3-3827e77a23b6	1	individuals				young of year								Present			Multicellular Organism				
1be0df21-6bf0-4552-928f-1f3a282fb154	1	individuals				juvenile								Present			Multicellular Organism				
8ff8bcf0-c9d1-4e30-8ac9-f4e7a2330390	1	individuals				juvenile								Present			Multicellular Organism				
25110431-fd12-44e4-ac5e-a6e8f0207553	1	individuals				young of year								Present			Multicellular Organism				
7d571efc-4961-44cc-a0a3-bb6aa6072dda	1	individuals				young of year								Present			Multicellular Organism				
49caa9ac-5939-47a8-8de2-e4865e1827c5	1	individuals				young of year								Present			Multicellular Organism				
d9c0d601-a172-4036-a423-0609b02e6bf6	1	individuals				young of year								Present			Multicellular Organism				
255130fd-bd71-4976-bd51-2e1baf0f78dc	1	individuals				juvenile								Present			Multicellular Organism				
ff95ce2e-8e93-4846-92b2-f60a8026f5e8	1	individuals				adult								Present			Multicellular Organism				
29f1d134-ca16-4813-af0f-69f5d9a279e9	1	individuals				young of year								Present			Multicellular Organism				
64f5dd47-2d85-481d-83d5-6d51630a5767	1	individuals				juvenile								Present			Multicellular Organism				
2b77ce2e-967e-4940-ac59-6ac1e7387f27	1	individuals				adult								Present			Multicellular Organism				
9a207139-8f8b-4054-a717-f44ecc33819e	1	individuals				adult								Present			Multicellular Organism				
97eee739-c429-46be-a16a-7d49e3f5fb04	1	individuals				young of year								Present			Multicellular Organism				
581730cd-83b8-416a-9636-74980b3f7a0a	1	individuals				juvenile								Present			Multicellular Organism				
5b5c2b84-e78f-44b7-b440-46cf5be7b509	1	individuals				young of year								Present			Multicellular Organism				
7e4d7ac9-f73d-416b-b778-81146540d33a	1	individuals				young of year								Present			Multicellular Organism				
0121eb6e-ec34-4dd0-83e7-c6fc3c4149cc	1	individuals				young of year								Present			Multicellular Organism				
aa3ce54e-ec91-4ccc-aaf5-f4218c6ad597	1	individuals				young of year								Present			Multicellular Organism				
d01e19c4-486a-4010-807e-4d3432acc88a	1	individuals				adult								Present			Multicellular Organism				
0ed1cf14-9eb9-4f12-b568-f94b46b72e9b	1	individuals				juvenile								Present			Multicellular Organism				
7e5412dc-e258-4267-bcc6-ceabf48ab8dc	1	individuals				young of year								Present			Multicellular Organism				
ff67f989-2dcf-4c10-b74c-a526f5ab239a	1	individuals				young of year								Present			Multicellular Organism				
7df452ed-18ef-4e45-a76c-1f68ff8f9fa9	1	individuals				adult								Present			Multicellular Organism				
f940e981-e1bf-4904-bd1a-ee0a53ff468c	1	individuals				young of year								Present			Multicellular Organism				
04da25b3-6089-49c3-8704-a7662569024c	1	individuals				young of year								Present			Multicellular Organism				
944d4482-0293-4a4b-97ad-0430fe57496a	1	individuals				young of year								Present			Multicellular Organism				
deacbb21-9cf7-44d6-92c9-85d7e8915b69	1	individuals				young of year								Present			Multicellular Organism				
946dd145-9e0b-4466-aa3f-1441806a2323	1	individuals				young of year								Present			Multicellular Organism				
261dccc0-9451-4389-aa96-205b238fb5e8	1	individuals				juvenile								Present			Multicellular Organism				
21b7c289-0a72-4354-af7b-07b9554e7936	1	individuals				adult								Present			Multicellular Organism				
f34e735b-9500-4051-bc64-e828865c631d	1	individuals				juvenile								Present			Multicellular Organism				
dff0e86c-4c63-4e97-b63a-5de5e6307473	1	individuals				young of year								Present			Multicellular Organism				
f3343584-a844-492f-a8b5-1f4a1a11dcbe	1	individuals				young of year								Present			Multicellular Organism				
5f519f7d-b5a8-428d-90f8-91662bba93d8	1	individuals				young of year								Present			Multicellular Organism				
a6b366a9-f2d6-438d-b946-2abe0a057e86	1	individuals				adult								Present			Multicellular Organism				
dec42e30-8df4-4de0-9d81-7584f2961436	1	individuals				young of year								Present			Multicellular Organism				
f5eb5061-3dd0-4772-b4bc-9f721c14dece	1	individuals				young of year								Present			Multicellular Organism				
6a13cf78-b0f1-4901-822b-31aa19aa6c01	1	individuals				young of year								Present			Multicellular Organism				
6efcb4b4-f8b3-4bae-80ea-4fe1000378cc	1	individuals				juvenile								Present			Multicellular Organism				
9b7318bd-fafd-44d0-993f-ed1c596d9189	1	individuals				young of year								Present			Multicellular Organism				
58e26345-ba3a-405d-9d69-8b90d9c4ddde	1	individuals				young of year								Present			Multicellular Organism				
52c19870-8ee0-4992-a5a0-11496e926ed9	1	individuals				young of year								Present			Multicellular Organism				
d8de0e70-5d69-4b10-9c2c-677ccdc6159d	1	individuals				young of year								Present			Multicellular Organism				
c41980e3-717e-41ac-8236-51b17e6acc2b	1	individuals				juvenile								Present			Multicellular Organism				
02d94c46-1b9d-4cc1-9879-7c52ba2ceab9	1	individuals				juvenile								Present			Multicellular Organism				
4ea6fd25-e4f0-48ac-a509-91b4f704228b	1	individuals				young of year								Present			Multicellular Organism				
da85580e-303e-4df6-95c3-03e3375bb741	1	individuals				juvenile								Present			Multicellular Organism				
2c5c4b14-826d-4d77-8aa9-0db7d8d5dfee	1	individuals				adult								Present			Multicellular Organism				
98c340b8-60fb-41b1-b24a-f32d1c6efd62	1	individuals				juvenile								Present			Multicellular Organism				
d1ae5df0-84f9-4726-87af-a6b40b6e716b	1	individuals				juvenile								Present			Multicellular Organism				
63c1d83a-e580-4ed8-9255-01b712d014e1	1	individuals				juvenile								Present			Multicellular Organism				
e956fd0b-290e-451a-90ca-024c0977b3fb	1	individuals				juvenile								Present			Multicellular Organism				
c6033984-8620-473a-8cd4-4f37e30b911f	1	individuals				juvenile								Present			Multicellular Organism				
f4a8b69d-de69-4cd3-add4-5499f73e9acd	1	individuals				juvenile								Present			Multicellular Organism				
3812de84-7598-4fe7-9f98-fdb4d22e48cd	1	individuals				adult								Present			Multicellular Organism				
391e9660-f7ef-4cab-8d11-ed3210094fe5	1	individuals				young of year								Present			Multicellular Organism				
21334c03-3954-4314-ac7d-757f63563bf3	1	individuals				young of year								Present			Multicellular Organism				
57755cc5-18c0-4ff6-954d-4eceda0f7eb0	1	individuals				adult								Present			Multicellular Organism				
ba700181-217a-4c50-bdef-b355afbd9e06	1	individuals				young of year								Present			Multicellular Organism				
99756090-dde2-4b24-a2df-e781fbfaf1a7	1	individuals				adult								Present			Multicellular Organism				
e697f120-e0bc-4888-b3a7-1198d7c296aa	1	individuals				juvenile								Present			Multicellular Organism				
3bc99e1e-aa0f-4b8b-8457-116ae036c0df	1	individuals				juvenile								Present			Multicellular Organism				
6a4512f9-a1ce-4121-a7b9-d44072cfd4f9	1	individuals				young of year								Present			Multicellular Organism				
e5a82536-4c46-4867-93d8-a64e6f414d50	1	individuals				juvenile								Present			Multicellular Organism				
80237340-d016-4b28-af06-b83e8f55aa90	1	individuals				juvenile								Present			Multicellular Organism				
3d14198c-84d5-4350-be76-6597d265ff76	1	individuals				juvenile								Present			Multicellular Organism				
26779338-3e06-4d13-8eca-f5e3e3cc1977	1	individuals				juvenile								Present			Multicellular Organism				
2298f2ee-dd53-4691-b354-bc7b3821ea03	1	individuals				juvenile								Present			Multicellular Organism				
6488553c-feaf-45ef-9a98-e66cecf7b8c8	1	individuals				juvenile								Present			Multicellular Organism				
f371dcf9-7466-4af2-81ef-20ce48b71db5	1	individuals				juvenile								Present			Multicellular Organism				
82821cd0-12b9-4929-a794-740d066d4354	1	individuals				adult								Present			Multicellular Organism				
0c5f5b7e-86a4-4e00-9478-20f5e5086934	1	individuals				adult								Present			Multicellular Organism				
6c955071-d699-4c08-bc7d-b991dfcff6e4	1	individuals				adult								Present			Multicellular Organism				
150ea9eb-cd97-4ce2-afd1-83dfaede8205	1	individuals				young of year								Present			Multicellular Organism				
f011a500-3627-459f-8b55-ab6fa631b5a0	1	individuals				adult								Present			Multicellular Organism				
e7737f08-436c-4a23-8411-808cec8669c5	1	individuals				adult								Present			Multicellular Organism				
482effa1-95c6-40a7-b564-bf19323c0682	1	individuals				young of year								Present			Multicellular Organism				
522022f7-8b66-4370-af2a-646c7c024904	1	individuals				young of year								Present			Multicellular Organism				
aab47287-8698-4b57-8c8d-81265026f25e	1	individuals				young of year								Present			Multicellular Organism				
d2fbba6c-191c-4cdc-a306-a638f553510f	1	individuals				juvenile								Present			Multicellular Organism				
7a450e4c-5788-4916-97fa-f2687fae2300	1	individuals				juvenile								Present			Multicellular Organism				
68b0cf8a-12c3-4a7e-9d33-ae342e27d048	1	individuals				adult								Present			Multicellular Organism				
77f125a8-d5a9-4be3-9458-5b5f398414fc	1	individuals				young of year								Present			Multicellular Organism				
e25f36cd-64e9-4163-8038-1785375a2713	1	individuals				adult								Present			Multicellular Organism				
ba147e97-fad8-473f-9699-f4ccdfb6b517	1	individuals				young of year								Present			Multicellular Organism				
ea532f88-faab-4a30-a997-64e649aaab04	1	individuals				juvenile								Present			Multicellular Organism				
d49aa2e3-ad56-444c-b5eb-792ec5580561	1	individuals				adult								Present			Multicellular Organism				
7423da8a-c4b3-4b9a-ba49-0417f8f4e9ed	1	individuals				young of year								Present			Multicellular Organism				
789288d5-4f67-4bf8-b011-5b3dd40606f7	1	individuals				juvenile								Present			Multicellular Organism				
9c2c8ee1-3d38-4ada-afb1-cac8d7e9251f	1	individuals				juvenile								Present			Multicellular Organism				
2788b417-cfef-47d5-bc2c-4b1729faff01	1	individuals				juvenile								Present			Multicellular Organism				
cc07ae42-8db9-45dc-8c8f-323a7b2aa9d1	1	individuals				juvenile								Present			Multicellular Organism				
e00e0e22-5a25-4bb8-befe-95525d64b22d	1	individuals				juvenile								Present			Multicellular Organism				
af9548ed-d33a-45a2-b85a-ed6d621ecf6b	1	individuals				young of year								Present			Multicellular Organism				
6dc00a7c-2563-4f1b-b91d-317713413b3e	1	individuals				juvenile								Present			Multicellular Organism				
f04d2b24-32c2-492b-83c0-1539bb4161fc	1	individuals				juvenile								Present			Multicellular Organism				
03253363-2a62-444b-9e1a-7c6b9b41d4a2	1	individuals				juvenile								Present			Multicellular Organism				
a9a1685a-1602-41e0-b15f-31deb1fc5a0c	1	individuals				young of year								Present			Multicellular Organism				
0884a357-1344-4cd7-979d-05592e664603	1	individuals				adult								Present			Multicellular Organism				
d31401a5-2766-4592-a04d-e26b8417d3e5	1	individuals				juvenile								Present			Multicellular Organism				
c6915326-f0a8-4baa-892e-2aa5b71e4800	1	individuals				adult								Present			Multicellular Organism				
e924a1a2-f6ef-466e-884e-490ba4eb1d6f	1	individuals				young of year								Present			Multicellular Organism				
cb462854-53d1-4b19-82ed-88cdc7697abc	1	individuals				young of year								Present			Multicellular Organism				
4d42508d-dbce-4b7f-b5d1-b3c1c372eeb5	1	individuals				adult								Present			Multicellular Organism				
925655ea-4467-4ac8-8d35-506de790b540	1	individuals				juvenile								Present			Multicellular Organism				
5f2508a6-6fa6-4122-a772-71726cdddc0c	1	individuals				juvenile								Present			Multicellular Organism				
0eebce6e-f208-4fc0-adce-057c398f2178	1	individuals				adult								Present			Multicellular Organism				
71410c6e-55c0-46fe-9d1e-3e486d2bcb8c	1	individuals				juvenile								Present			Multicellular Organism				
a734a5d7-1d05-46ef-bd17-0c140d81b780	1	individuals				juvenile								Present			Multicellular Organism				
30c60d99-ffda-4225-a86e-83e03acf0797	1	individuals				adult								Present			Multicellular Organism				
9ef88d95-dfde-46a6-9f82-4c881f229a03	1	individuals				juvenile								Present			Multicellular Organism				
1eaf164c-e77d-49fa-800d-781a2e2c082b	1	individuals				young of year								Present			Multicellular Organism				
2a32fa55-726f-439a-971e-2f1fa851b622	1	individuals				young of year								Present			Multicellular Organism				
8fb78cd7-a586-4fa6-8f85-ccfdcf66cee1	1	individuals				juvenile								Present			Multicellular Organism				
4cba7601-19e7-4cd9-ba3d-0796c4737343	1	individuals				juvenile								Present			Multicellular Organism				
78757047-e3c8-42de-a03c-41a2543a5535	1	individuals				young of year								Present			Multicellular Organism				
63470ae6-9179-485a-af0f-674eec47b46d	1	individuals				juvenile								Present			Multicellular Organism				
3a97c360-2747-41be-a096-6d85a77d4d75	1	individuals				adult								Present			Multicellular Organism				
c25dc427-b245-4864-ab8f-0843119720bd	1	individuals				juvenile								Present			Multicellular Organism				
f9d52133-96a2-462b-b644-07649a17fd39	1	individuals				young of year								Present			Multicellular Organism				
ee4f05bd-cb33-4173-bba1-2e6f59856888	1	individuals				juvenile								Present			Multicellular Organism				
c93cbd0b-0a55-44dd-bb01-13eba115084d	1	individuals				juvenile								Present			Multicellular Organism				
87673ad5-4c3d-4f2d-b3a3-304c82989092	1	individuals				juvenile								Present			Multicellular Organism				
ecf08f4e-97fc-4dac-ac76-c279cd1fb812	1	individuals				young of year								Present			Multicellular Organism				
71312230-697d-476a-b17c-87f8a9dfd7ef	1	individuals				young of year								Present			Multicellular Organism				
d14effaf-2b03-4306-81e2-d4d94a3cff41	1	individuals				juvenile								Present			Multicellular Organism				
67dba8da-0491-4b83-9ba3-b5091816f466	1	individuals				young of year								Present			Multicellular Organism				
2ac4622f-01f2-427c-bc56-f4946f2d94c8	1	individuals				juvenile								Present			Multicellular Organism				
3107cb04-e520-4fc3-a7f1-c1b21396f305	1	individuals				young of year								Present			Multicellular Organism				
7b08eb68-8cf9-4797-b463-17ac8abd3cc4	1	individuals				juvenile								Present			Multicellular Organism				
abee4533-87c4-426d-9d0e-99256d071529	1	individuals				adult								Present			Multicellular Organism				
ca542d33-5572-458f-bb11-884198a4b5d0	1	individuals				young of year								Present			Multicellular Organism				
964b21de-67c2-45f4-80a5-3fe5cd4f7b89	1	individuals				adult								Present			Multicellular Organism				
6c9d6094-bbc7-461e-b456-3fc12a8c8b78	1	individuals				juvenile								Present			Multicellular Organism				
959d74b2-c7c7-40de-a59d-879ca31e5537	1	individuals				adult								Present			Multicellular Organism				
3d3c2f78-5d89-4e54-a310-b5d579bd934a	1	individuals				young of year								Present			Multicellular Organism				
5a2f3d76-5f7c-4580-9cc1-50df8d42589a	1	individuals				juvenile								Present			Multicellular Organism				
3e13d9d2-0fae-45cc-8841-350a7862a247	1	individuals				adult								Present			Multicellular Organism				
98c3cf5e-f9b7-4794-ac20-873ec106607e	1	individuals				young of year								Present			Multicellular Organism				
91ba6d0b-55a5-4286-87b4-86c56116d229	1	individuals				young of year								Present			Multicellular Organism				
d434810a-85a0-4416-a7c5-0f0b0fee8807	1	individuals				juvenile								Present			Multicellular Organism				
b6013dac-e499-4137-b1fd-abaa0a8913f0	1	individuals				juvenile								Present			Multicellular Organism				
1e532329-2072-4e93-b5c4-efbe28273ebf	1	individuals				young of year								Present			Multicellular Organism				
0db30263-34b7-432a-8743-14ca20bc5e20	1	individuals				adult								Present			Multicellular Organism				
8193ff7e-a7e3-4395-a8b4-df5bc1c69cc4	1	individuals				young of year								Present			Multicellular Organism				
211534c2-6c7f-41ce-a470-6da2fc4e1896	16	individuals												Present	actual count		Multicellular Organism				
9e16ce56-2a7b-4206-b10b-15ac92f6121a	22	individuals												Present	actual count		Multicellular Organism				
e1e448b4-3777-4468-bc5f-777a0ffc17ce	36	individuals												Present	actual count		Multicellular Organism				
21081124-68c6-4310-9769-44229aaf8d9a	29	individuals												Present	actual count		Multicellular Organism				
